display	retail_display	variant	form	tier	model	name	textures
95000	29414		bear	0	druidbear2	Kaldorei Bear (Black)	
95001	29415		bear	0	druidbear2	Kaldorei Bear (Blue)	
95002	29417		bear	0	druidbear2	Kaldorei Bear (Brown)	
95003	29413		bear	0	druidbear2	Kaldorei Bear (Purple)	
95004	29416		bear	0	druidbear2	Kaldorei Bear (White)	
95005	29418		bear	0	druidbeartauren2	Shu'halo Bear (Black)	
95006	2289		bear	0	druidbeartauren2	Shu'halo Bear (Brown)	
95007	29419		bear	0	druidbeartauren2	Shu'halo Bear (Silver)	
95008	29421		bear	0	druidbeartauren2	Shu'halo Bear (White)	
95009	29420		bear	0	druidbeartauren2	Shu'halo Bear (Yellow)	
95010	892		cat	0	druidcat2	Kaldorei Cat (Black)	
95011	29407		cat	0	druidcat2	Kaldorei Cat (Blue)	
95012	29406		cat	0	druidcat2	Kaldorei Cat (Purple)	
95013	29405		cat	0	druidcat2	Kaldorei Cat (Violet)	
95014	29408		cat	0	druidcat2	Kaldorei Cat (White)	
95015	29412		cat	0	druidcattauren2	Shu'halo Cat (Black)	
95016	8571		cat	0	druidcattauren2	Shu'halo Cat (Brown)	
95017	29411		cat	0	druidcattauren2	Shu'halo Cat (Red)	
95018	29409		cat	0	druidcattauren2	Shu'halo Cat (White)	
95019	29410		cat	0	druidcattauren2	Shu'halo Cat (Yellow)	
95020	40816		travel	0	druidtravelalliance	Kaldorei Stag	
95021	918		travel	0	druidtravelcat	Cheetah	
95022	45339		travel	0	druidtravelhorde	Shu'halo Stag	
95023	40815		aquatic	0	orca_druid	Orca	
95024	2428		aquatic	0	sealion2	Sea Lion	
95025	21243		flight	0	epicdruidflightalliance	Storm Crow	
95026	21244		flight	0	epicdruidflighthorde	Hawk	
95027	20857		flight	0	stormcrowdruid	Humble Flyer	
95028	20872		flight	0	stormcrowdruid	Humble Flyer (Brown)	
95029	37173		moonkin	0	druidowlbear2	Kaldorei Moonkin (Black)	
95030	15374		moonkin	0	druidowlbear2	Kaldorei Moonkin (Classic)	
95031	37174		moonkin	0	druidowlbear2	Kaldorei Moonkin (Red)	
95032	15375		moonkin	0	druidowlbeartauren2	Shu'halo Moonkin	
95033	115608		tree	0	druidtreeform	Tree of Life	
95034	139264		tree	0	ent2	Treant	
95035	66697		bear	1	druidbear2_artifact2	Stonepaw (Blue)	
95036	66699		bear	1	druidbear2_artifact2	Stonepaw (Fuschia)	
95037	66696		bear	1	druidbear2_artifact2	Stonepaw (Gray)	
95038	66698		bear	1	druidbear2_artifact2	Stonepaw (Green)	
95039	38150		cat	1	flamecat	Druid of the Flame	
95040	113164		flight	1	dreamowl_fire	Anu'relos, Flames Guidance	
95041	33655		bear	2	druidbeartroll2	Darkspear Bear (Blue)	
95042	33656		bear	2	druidbeartroll2	Darkspear Bear (Purple)	
95043	33657		bear	2	druidbeartroll2	Darkspear Bear (Red)	
95044	33658		bear	2	druidbeartroll2	Darkspear Bear (White)	
95045	33659		bear	2	druidbeartroll2	Darkspear Bear (Yellow)	
95046	33666		cat	2	druidcattroll2	Darkspear Cat (Blue)	
95047	33665		cat	2	druidcattroll2	Darkspear Cat (Purple)	
95048	33668		cat	2	druidcattroll2	Darkspear Cat (Red)	
95049	33669		cat	2	druidcattroll2	Darkspear Cat (White)	
95050	33667		cat	2	druidcattroll2	Darkspear Cat (Yellow)	
95051	37730		flight	2	epicdruidflighttroll	Darkspear Bat	
95052	33651		bear	3	druidbearworgen2	Gilnean Bear (Black)	
95053	33652		bear	3	druidbearworgen2	Gilnean Bear (Brown)	
95054	33650		bear	3	druidbearworgen2	Gilnean Bear (Gray)	
95055	33653		bear	3	druidbearworgen2	Gilnean Bear (Tan)	
95056	33654		bear	3	druidbearworgen2	Gilnean Bear (White)	
95057	33661		cat	3	druidcatworgen2	Gilnean Cat (Black)	
95058	33662		cat	3	druidcatworgen2	Gilnean Cat (Brown)	
95059	33660		cat	3	druidcatworgen2	Gilnean Cat (Gray)	
95060	33664		cat	3	druidcatworgen2	Gilnean Cat (Tan)	
95061	33663		cat	3	druidcatworgen2	Gilnean Cat (White)	
95062	70450		travel	3	doe	Doe	
95063	37729		flight	3	epicdruidflightworgen	Gilnean Storm Crow	
95064	84868		bear	4	druidbearzandalaritroll	Zandalari Bear (Black)	
95065	84867		bear	4	druidbearzandalaritroll	Zandalari Bear (Blue)	
95066	84869		bear	4	druidbearzandalaritroll	Zandalari Bear (Green)	
95067	84870		bear	4	druidbearzandalaritroll	Zandalari Bear (White)	
95068	85194		cat	4	druidcatzandalaritroll	Zandalari Cat (Black)	
95069	85195		cat	4	druidcatzandalaritroll	Zandalari Cat (Blue)	
95070	85196		cat	4	druidcatzandalaritroll	Zandalari Cat (Green)	
95071	85197		cat	4	druidcatzandalaritroll	Zandalari Cat (White)	
95072	82130		travel	4	druidtravelzandalaritroll	Zandalari Raptor	
95073	88747		aquatic	4	druidaquaticzandalari	Zandalari Sea Creature (Black)	
95074	88750		aquatic	4	druidaquaticzandalari	Zandalari Sea Creature (Blue)	
95075	88748		aquatic	4	druidaquaticzandalari	Zandalari Sea Creature (Green)	
95076	88749		aquatic	4	druidaquaticzandalari	Zandalari Sea Creature (White)	
95077	91215		flight	4	druidflightzandalaritroll	Zandalari Pterrordax	
95078	91256		flight	4	druidflightzandalaritroll_noarmor	Unarmored Zandalari Pterrordax	
95079	84820		moonkin	4	zandalarimoonkin	Zandalari Moonkin	
95080	66720		bear	5	druidbear2_artifact5	Guardian of the Glade (Blue)	
95081	66721		bear	5	druidbear2_artifact5	Guardian of the Glade (Brown)	
95082	66722		bear	5	druidbear2_artifact5	Guardian of the Glade (Red)	
95083	66723		bear	5	druidbear2_artifact5	Guardian of the Glade (White)	
95084	69835		cat	5	owlcat	Moonspirit (Black)	
95085	69834		cat	5	owlcat	Moonspirit (Brown)	
95086	69832		cat	5	owlcat	Moonspirit (Gray)	
95087	69833		cat	5	owlcat	Moonspirit (White)	
95088	64328		flight	5	owl2	Sentinel (Blue)	
95089	64329		flight	5	owl2	Sentinel (Brown)	
95090	64330		flight	5	owl2	Sentinel (Purple)	
95091	64331		flight	5	owl2	Sentinel (White)	
95092	66704		bear	6	druidbear2_artifact3	Avatar of Ursol (Blue)	
95093	66705		bear	6	druidbear2_artifact3	Avatar of Ursol (Green)	
95094	66706		bear	6	druidbear2_artifact3	Avatar of Ursol (Purple)	
95095	66707		bear	6	druidbear2_artifact3	Avatar of Ursol (Red)	
95096	66787		cat	6	druidcat2_artifact3	Nature's Fury (Brown)	
95097	66789		cat	6	druidcat2_artifact3	Nature's Fury (Fuschia)	
95098	66786		cat	6	druidcat2_artifact3	Nature's Fury (Green)	
95099	66788		cat	6	druidcat2_artifact3	Nature's Fury (Orange)	
95100	87175		aquatic	6	dolphin2	Dolphin	
95101	87174		aquatic	6	dolphin2	Tideskipper	
95102	66717		bear	7	druidbear2_artifact4	Fallen to Nightmare (Green)	
95103	66718		bear	7	druidbear2_artifact4	Fallen to Nightmare (Orange)	
95104	66716		bear	7	druidbear2_artifact4	Fallen to Nightmare (Red)	
95105	66719		bear	7	druidbear2_artifact4	Fallen to Nightmare (Teal)	
95106	66797		cat	7	druidcat2_artifact5	Incarnation of Nightmare (Fuschia)	
95107	66794		cat	7	druidcat2_artifact5	Incarnation of Nightmare (Purple)	
95108	66796		cat	7	druidcat2_artifact5	Incarnation of Nightmare (Red)	
95109	66795		cat	7	druidcat2_artifact5	Incarnation of Nightmare (Teal)	
95110	116323		flight	7	giantvampirebat	Gloomstalker Dredbat	
95111	116324		flight	7	giantvampirebat	Regal Dredbat	
95112	32546		flight	7	raven2	Duskwing Raven	
95113	80962		flight	7	raven2	Nightwing Raven	
95114	80591		bear	8	druidbearhmtauren	Highmountain Bear (Black)	
95115	80592		bear	8	druidbearhmtauren	Highmountain Bear (Brown)	
95116	80595		bear	8	druidbearhmtauren	Highmountain Bear (Light Brown)	
95117	80594		bear	8	druidbearhmtauren	Highmountain Bear (White)	
95118	80596		cat	8	druidcathmtauren	Highmountain Cat (Black)	
95119	80597		cat	8	druidcathmtauren	Highmountain Cat (Brown)	
95120	80598		cat	8	druidcathmtauren	Highmountain Cat (Red)	
95121	80599		cat	8	druidcathmtauren	Highmountain Cat (White)	
95122	81440		travel	8	druidtravelhmtauren	Highmountain Moose	
95123	81439		flight	8	druidflighthmtauren	Highmountain Eagle	
95124	89360		moonkin	8	druidowlbearhmtauren2	Highmountain Moonkin	
95125	85389		bear	9	druidbearkultiran	Kul Tiran Bear (Black)	
95126	85388		bear	9	druidbearkultiran	Kul Tiran Bear (Brown)	
95127	85390		bear	9	druidbearkultiran	Kul Tiran Bear (Green)	
95128	85391		bear	9	druidbearkultiran	Kul Tiran Bear (White)	
95129	86524		cat	9	druidcatkultiran	Kul Tiran Cat (Black)	
95130	86100		cat	9	druidcatkultiran	Kul Tiran Cat (Brown)	
95131	86525		cat	9	druidcatkultiran	Kul Tiran Cat (Green)	
95132	86526		cat	9	druidcatkultiran	Kul Tiran Cat (White)	
95133	87424		travel	10	druidtravelkultiran	Kul Tiran Stag (Brown)	
95134	87423		travel	10	druidtravelkultiran	Kul Tiran Stag (Dark)	
95135	87425		travel	10	druidtravelkultiran	Kul Tiran Stag (Green)	
95136	87426		travel	10	druidtravelkultiran	Kul Tiran Stag (Light)	
95137	87879		aquatic	10	druidaquatickultiran	Kul Tiran Sea Creature (Brown)	
95138	87880		aquatic	10	druidaquatickultiran	Kul Tiran Sea Creature (Dark)	
95139	87881		aquatic	10	druidaquatickultiran	Kul Tiran Sea Creature (Green)	
95140	87882		aquatic	10	druidaquatickultiran	Kul Tiran Sea Creature (Light)	
95141	88355		flight	10	druidflightkultiran	Kul Tiran Flyer (Brown)	
95142	88351		flight	10	druidflightkultiran	Kul Tiran Flyer (Thistlehawk)	
95143	88752		moonkin	10	kultiranmoonkin	Kul Tiran Moonkin (Black)	
95144	88751		moonkin	10	kultiranmoonkin	Kul Tiran Moonkin (Green)	
95145	88976		moonkin	10	kultiranmoonkin	Kul Tiran Moonkin (Pale)	
95146	88975		moonkin	10	kultiranmoonkin	Kul Tiran Moonkin (Red)	
95147	66790		cat	11	druidcat2_artifact4	Primal Stalker (Green)	
95148	66791		cat	11	druidcat2_artifact4	Primal Stalker (Orange)	
95149	66792		cat	11	druidcat2_artifact4	Primal Stalker (Purple)	
95150	66793		cat	11	druidcat2_artifact4	Primal Stalker (Teal)	
95151	74304		flight	11	druidflightform	Lunarwing (Brown)	
95152	74305		flight	11	druidflightform	Lunarwing (Dark)	
95153	74306		flight	11	druidflightform	Lunarwing (Red)	
95154	74307		flight	11	druidflightform	Lunarwing (White)	
95155	137376		flight	11	druidflightform	Scornwing	
95156	37728		flight	11	felbat	Humble Flyer (Violet)	
95157	116200		bear	12	owlbear	Umbraclaw (Black)	
95158	116198		bear	12	owlbear	Umbraclaw (Brown)	
95159	116199		bear	12	owlbear	Umbraclaw (White)	
95160	114437		bear	12	runebear	Runebear (Yellow)	
95161	66782		cat	12	druidcat2_artifact2	Ghost of the Pridemother (Blue)	
95162	66784		cat	12	druidcat2_artifact2	Ghost of the Pridemother (Fuschia)	
95163	66783		cat	12	druidcat2_artifact2	Ghost of the Pridemother (Green)	
95164	66785		cat	12	druidcat2_artifact2	Ghost of the Pridemother (Red)	
95165	115602	black	bear	13	druidbearharanir	Haranir Bear (Black)	6218502,6218502,0
95166	115602	blue	bear	13	druidbearharanir	Haranir Bear (Blue)	6218505,6218505,0
95167	115602	purple	bear	13	druidbearharanir	Haranir Bear (Purple)	6218504,6218504,0
95168	115602	red	bear	13	druidbearharanir	Haranir Bear (Red)	6218503,6218503,0
95169	115602	tan	bear	13	druidbearharanir	Haranir Bear (Tan)	6218501,6218501,0
95170	115603	black	cat	13	druidcatharanir	Haranir Cat (Black)	6015472,6224369,0
95171	115603	blue	cat	13	druidcatharanir	Haranir Cat (Blue)	6015475,6224369,0
95172	115603	purple	cat	13	druidcatharanir	Haranir Cat (Purple)	6015474,6224369,0
95173	115603	red	cat	13	druidcatharanir	Haranir Cat (Red)	6015473,6224369,0
95174	115603	tan	cat	13	druidcatharanir	Haranir Cat (Tan)	6015471,6224369,0
95175	115605	black	travel	13	druidtravelharanir	Haranir Stag (Black)	6116665,6116665,0
95176	115605	blue	travel	13	druidtravelharanir	Haranir Stag (Blue)	6116668,6116668,0
95177	115605	purple	travel	13	druidtravelharanir	Haranir Stag (Purple)	6116667,6116667,0
95178	115605	red	travel	13	druidtravelharanir	Haranir Stag (Red)	6116666,6116666,0
95179	115605	tan	travel	13	druidtravelharanir	Haranir Stag (Tan)	6116664,6116664,0
95180	123895		aquatic	13	druidaquaticharanir	Haranir Sea Creature (Black)	
95181	123898		aquatic	13	druidaquaticharanir	Haranir Sea Creature (Blue)	
95182	123897		aquatic	13	druidaquaticharanir	Haranir Sea Creature (Purple)	
95183	123896		aquatic	13	druidaquaticharanir	Haranir Sea Creature (Red)	
95184	123890		aquatic	13	druidaquaticharanir	Haranir Sea Creature (Tan)	
95185	138668	black	flight	13	harronirbat	Haranir Bat (Black)	7636663,5862800,0
95186	138668	blonde	flight	13	harronirbat	Haranir Bat (Blonde)	6379960,5862800,0
95187	138668	blue	flight	13	harronirbat	Haranir Bat (Blue)	5858885,5862800,0
95188	138668	pink	flight	13	harronirbat	Haranir Bat (Pink)	5858887,5862800,0
95189	138668	purple	flight	13	harronirbat	Haranir Bat (Purple)	6379966,5862800,0
95190	138668	teal	flight	13	harronirbat	Haranir Bat (Teal)	6379967,5862800,0
95191	115607	blue	moonkin	13	tindralmoonkin	Haranir Moonkin (Blue)	5369274,5369278,5369290
95192	115607	gold	moonkin	13	tindralmoonkin	Haranir Moonkin (Gold)	5369277,5369279,5369290
95193	115607	green	moonkin	13	tindralmoonkin	Haranir Moonkin (Green)	5369276,5369280,5369290
95194	115607	red	moonkin	13	tindralmoonkin	Haranir Moonkin (Red)	5369275,5369281,5369290
95195	139376		tree	13	druidtreeharanir	Haranir Treant	
95196	74271		bear	14	druidbear2_artifact6	Might of the Grizzlemaw (Black)	
95197	74272		bear	14	druidbear2_artifact6	Might of the Grizzlemaw (Brown)	
95198	74270		bear	14	druidbear2_artifact6	Might of the Grizzlemaw (Tan)	
95199	74269		bear	14	druidbear2_artifact6	Might of the Grizzlemaw (White)	
95200	104595		bear	14	werebear	Blight of the Grizzlemaw	
95201	95199		flight	14	mothardenweald	Sable Ardenmoth	
95202	95198		flight	14	mothardenweald	Shimmering Ardenmoth	
95203	66682		bear	15	druidbear2_artifact1	Claws of Ursoc (Black)	
95204	66683		bear	15	druidbear2_artifact1	Claws of Ursoc (Blue)	
95205	66693		bear	15	druidbear2_artifact1	Claws of Ursoc (Brown)	
95206	66685		bear	15	druidbear2_artifact1	Claws of Ursoc (Burgundy)	
95207	66687		bear	15	druidbear2_artifact1	Claws of Ursoc (Gold)	
95208	66686		bear	15	druidbear2_artifact1	Claws of Ursoc (Purple)	
95209	66688		bear	15	druidbear2_artifact1	Claws of Ursoc (White)	
95210	66775		cat	15	druidcat2_artifact1	Fangs of Ashamane (Black)	
95211	66776		cat	15	druidcat2_artifact1	Fangs of Ashamane (Blue)	
95212	66777		cat	15	druidcat2_artifact1	Fangs of Ashamane (Brown)	
95213	66779		cat	15	druidcat2_artifact1	Fangs of Ashamane (Green)	
95214	66780		cat	15	druidcat2_artifact1	Fangs of Ashamane (Purple)	
95215	66778		cat	15	druidcat2_artifact1	Fangs of Ashamane (Tan)	
95216	66781		cat	15	druidcat2_artifact1	Fangs of Ashamane (White)	
95217	93787		travel	16	ardenwealdstag	Midnight Runestag	
95218	93783		travel	16	ardenwealdstag	Twilight Runestag	
95219	111093		travel	16	emeralddreamstag	Gladehart (Ashes)	
95220	116201		travel	16	emeralddreamstag	Gladehart (Golden)	
95221	111087		travel	16	emeralddreamstag	Gladehart (Green)	
95222	116063		aquatic	16	magicalfish	Dreaming Nae'dra	
95223	116202		flight	16	dreamowl	Azure Somnowl	
95224	116203		flight	16	dreamowl	Slumbering Somnowl	
95225	116197		bear	17	dreambear	Bristlebruin (Ash)	
95226	112548		bear	17	dreambear	Bristlebruin (Green)	
95227	116194		cat	17	dreamsaber	Dreamsaber (Blue)	
95228	116196		cat	17	dreamsaber	Dreamsaber (Green)	
95229	116195		cat	17	dreamsaber	Dreamsaber (Purple)	
95230	111447		travel	17	sabretoothraptor	Dreamtalon (Black/Purple)	
95231	111448		travel	17	sabretoothraptor	Dreamtalon (Blue)	
95232	111449		travel	17	sabretoothraptor	Dreamtalon (Green/Red)	
95233	111450		travel	17	sabretoothraptor	Dreamtalon (Purple/Blue)	
95234	111451		travel	17	sabretoothraptor	Dreamtalon (White/Green)	
95235	139193		moonkin	18	tindralmoonkin_haranir	Batbear (Colour 1, Style 1-1)	
95236	139187		moonkin	18	tindralmoonkin_haranir	Batbear (Colour 1, Style 1-2)	
95237	139197		moonkin	18	tindralmoonkin_haranir	Batbear (Colour 1, Style 2-1)	
95238	139185		moonkin	18	tindralmoonkin_haranir	Batbear (Colour 1, Style 2-2)	
95239	139190		moonkin	18	tindralmoonkin_haranir	Batbear (Colour 1, Style 3-1)	
95240	139183		moonkin	18	tindralmoonkin_haranir	Batbear (Colour 1, Style 3-2)	
95241	139209		moonkin	18	tindralmoonkin_haranir	Batbear (Colour 2, Style 1-1)	
95242	139203		moonkin	18	tindralmoonkin_haranir	Batbear (Colour 2, Style 1-2)	
95243	139213		moonkin	18	tindralmoonkin_haranir	Batbear (Colour 2, Style 2-1)	
95244	139201		moonkin	18	tindralmoonkin_haranir	Batbear (Colour 2, Style 2-2)	
95245	139206		moonkin	18	tindralmoonkin_haranir	Batbear (Colour 2, Style 3-1)	
95246	139199		moonkin	18	tindralmoonkin_haranir	Batbear (Colour 2, Style 3-2)	
95247	139225		moonkin	18	tindralmoonkin_haranir	Batbear (Colour 3, Style 1-1)	
95248	139219		moonkin	18	tindralmoonkin_haranir	Batbear (Colour 3, Style 1-2)	
95249	139229		moonkin	18	tindralmoonkin_haranir	Batbear (Colour 3, Style 2-1)	
95250	139217		moonkin	18	tindralmoonkin_haranir	Batbear (Colour 3, Style 2-2)	
95251	139222		moonkin	18	tindralmoonkin_haranir	Batbear (Colour 3, Style 3-1)	
95252	139215		moonkin	18	tindralmoonkin_haranir	Batbear (Colour 3, Style 3-2)	
95253	139241		moonkin	18	tindralmoonkin_haranir	Batbear (Colour 4, Style 1-1)	
95254	139235		moonkin	18	tindralmoonkin_haranir	Batbear (Colour 4, Style 1-2)	
95255	139245		moonkin	18	tindralmoonkin_haranir	Batbear (Colour 4, Style 2-1)	
95256	139233		moonkin	18	tindralmoonkin_haranir	Batbear (Colour 4, Style 2-2)	
95257	139238		moonkin	18	tindralmoonkin_haranir	Batbear (Colour 4, Style 3-1)	
95258	139231		moonkin	18	tindralmoonkin_haranir	Batbear (Colour 4, Style 3-2)	
95259	139257		moonkin	18	tindralmoonkin_haranir	Batbear (Colour 5, Style 1-1)	
95260	139251		moonkin	18	tindralmoonkin_haranir	Batbear (Colour 5, Style 1-2)	
95261	139261		moonkin	18	tindralmoonkin_haranir	Batbear (Colour 5, Style 2-1)	
95262	139249		moonkin	18	tindralmoonkin_haranir	Batbear (Colour 5, Style 2-2)	
95263	139254		moonkin	18	tindralmoonkin_haranir	Batbear (Colour 5, Style 3-1)	
95264	139247		moonkin	18	tindralmoonkin_haranir	Batbear (Colour 5, Style 3-2)	
