display	retail_display	variant	form	tier	model	name	textures	folder	preview
4589			fire	0		Tauren Fire Totem			9501900
4588			earth	0		Tauren Earth Totem			9501901
4587			water	0		Tauren Water Totem			9501902
4590			air	0		Tauren Air Totem			9501903
30758			fire	0		Orc Fire Totem			9501904
30757			earth	0		Orc Earth Totem			9501905
30759			water	0		Orc Water Totem			9501906
30756			air	0		Orc Air Totem			9501907
30762			fire	0		Troll Fire Totem			9501908
30761			earth	0		Troll Earth Totem			9501909
30763			water	0		Troll Water Totem			9501910
30760			air	0		Troll Air Totem			9501911
30754			fire	0		Dwarf Fire Totem			9501912
30753			earth	0		Dwarf Earth Totem			9501913
30755			water	0		Dwarf Water Totem			9501914
30736			air	0		Dwarf Air Totem			9501915
19074			fire	0		Draenei Fire Totem			9501916
19073			earth	0		Draenei Earth Totem			9501917
19075			water	0		Draenei Water Totem			9501918
19071			air	0		Draenei Air Totem			9501919
96000	86433		fire	1	darkiron_fire	Dark Iron Fire Totem		DarkIron	9501500
96001	86435		earth	1	darkiron_earth	Dark Iron Earth Totem		DarkIron	9501501
96002	86434		water	1	darkiron_water	Dark Iron Water Totem		DarkIron	9501502
96003	86432		air	1	darkiron_air	Dark Iron Air Totem		DarkIron	9501503
96004	4589		fire	2	taurenremastered_fire	Tauren Fire Totem (Remastered)		TaurenRemastered	9501504
96005	4588		earth	2	taurenremastered_earth	Tauren Earth Totem (Remastered)		TaurenRemastered	9501505
96006	4587		water	2	taurenremastered_water	Tauren Water Totem (Remastered)		TaurenRemastered	9501506
96007	4590		air	2	taurenremastered_air	Tauren Air Totem (Remastered)		TaurenRemastered	9501507
96008	30783		fire	3	goblin_fire	Goblin Fire Totem		Goblin	9501508
96009	30782		earth	3	goblin_earth	Goblin Earth Totem		Goblin	9501509
96010	30784		water	3	goblin_water	Goblin Water Totem		Goblin	9501510
96011	30781		air	3	goblin_air	Goblin Air Totem		Goblin	9501511
96012	84933		fire	4	zandalari_fire	Zandalari Fire Totem		Zandalari	9501512
96013	84987		earth	4	zandalari_earth	Zandalari Earth Totem		Zandalari	9501513
96014	84934		water	4	zandalari_water	Zandalari Water Totem		Zandalari	9501514
96015	84680		air	4	zandalari_air	Zandalari Air Totem		Zandalari	9501515
96016	94543		fire	5	vulpera_fire	Vulpera Fire Totem		Vulpera	9501516
96017	94542		earth	5	vulpera_earth	Vulpera Earth Totem		Vulpera	9501517
96018	94544		water	5	vulpera_water	Vulpera Water Totem		Vulpera	9501518
96019	94541		air	5	vulpera_air	Vulpera Air Totem		Vulpera	9501519
96020	41670		fire	6	pandaren_fire	Pandaren Fire Totem		Pandaren	9501520
96021	41669		earth	6	pandaren_earth	Pandaren Earth Totem		Pandaren	9501521
96022	41671		water	6	pandaren_water	Pandaren Water Totem		Pandaren	9501522
96023	41668		air	6	pandaren_air	Pandaren Air Totem		Pandaren	9501523
96024	52510		fire	7	darkshaman_fire	Dark Shaman Fire Totem		DarkShaman	9501524
96025	52509		earth	7	darkshaman_earth	Dark Shaman Earth Totem		DarkShaman	9501525
96026	52511		water	7	darkshaman_water	Dark Shaman Water Totem		DarkShaman	9501526
96027	52512		air	7	darkshaman_air	Dark Shaman Air Totem		DarkShaman	9501527
96028	81444		fire	8	highmountain_fire	Highmountain Fire Totem		Highmountain	9501528
96029	81443		earth	8	highmountain_earth	Highmountain Earth Totem		Highmountain	9501529
96030	81442		water	8	highmountain_water	Highmountain Water Totem		Highmountain	9501530
96031	81441		air	8	highmountain_air	Highmountain Air Totem		Highmountain	9501531
96032	86438		fire	9	maghar_fire	Mag'har Fire Totem		Maghar	9501532
96033	86440		earth	9	maghar_earth	Mag'har Earth Totem		Maghar	9501533
96034	86439		water	9	maghar_water	Mag'har Water Totem		Maghar	9501534
96035	86437		air	9	maghar_air	Mag'har Air Totem		Maghar	9501535
96036	90695		fire	10	kultiran_fire	Kul Tiran Fire Totem		KulTiran	9501536
96037	90691		earth	10	kultiran_earth	Kul Tiran Earth Totem		KulTiran	9501537
96038	90694		water	10	kultiran_water	Kul Tiran Water Totem		KulTiran	9501538
96039	90693		air	10	kultiran_air	Kul Tiran Air Totem		KulTiran	9501539
96040	54900		fire	11	draenorclans_fire	Draenor Clans Fire Totem		DraenorClans	9501540
96041	54899		earth	11	draenorclans_earth	Draenor Clans Earth Totem		DraenorClans	9501541
96042	54902		water	11	draenorclans_water	Draenor Clans Water Totem		DraenorClans	9501542
96043	54901		air	11	draenorclans_air	Draenor Clans Air Totem		DraenorClans	9501543
96044	139805		fire	12	haranir_fire	Haranir Fire Totem		Haranir	9501544
96045	139666		earth	12	haranir_earth	Haranir Earth Totem		Haranir	9501545
96046	139667		water	12	haranir_water	Haranir Water Totem		Haranir	9501546
96047	139669		air	12	haranir_air	Haranir Air Totem		Haranir	9501547
96048	19074		fire	13	draeneiremastered_fire	Draenei Fire Totem (Remastered)		DraeneiRemastered	9501548
96049	19073		earth	13	draeneiremastered_earth	Draenei Earth Totem (Remastered)		DraeneiRemastered	9501549
96050	19075		water	13	draeneiremastered_water	Draenei Water Totem (Remastered)		DraeneiRemastered	9501550
96051	19071		air	13	draeneiremastered_air	Draenei Air Totem (Remastered)		DraeneiRemastered	9501551
96052	118170		fire	15	earthen_fire	Earthen Fire Totem		Earthen	9501552
96053	118169		earth	15	earthen_earth	Earthen Earth Totem		Earthen	9501553
96054	118171		water	15	earthen_water	Earthen Water Totem		Earthen	9501554
96055	118168		air	15	earthen_air	Earthen Air Totem		Earthen	9501555
96056	74647		fire	17	maelstrom_fire	Maelstrom Fire Totem		Maelstrom	9501556
96057	74649		earth	17	maelstrom_earth	Maelstrom Earth Totem		Maelstrom	9501557
96058	74648		water	17	maelstrom_water	Maelstrom Water Totem		Maelstrom	9501558
96059	74650		air	17	maelstrom_air	Maelstrom Air Totem		Maelstrom	9501559
